{"app":["/app-68f926cabbf5b1b27e16.js"],"component---src-pages-404-js":["/component---src-pages-404-js-7caa478c01b6a3a504fd.js"],"component---src-pages-about-js":["/component---src-pages-about-js-a74bcacd226a93b19848.js"],"component---src-pages-admin-js":["/component---src-pages-admin-js-6062ca445dd6745e9943.js"],"component---src-pages-blogs-js":["/component---src-pages-blogs-js-da8aac5f13d5c818d282.js"],"component---src-pages-books-js":["/component---src-pages-books-js-d15a72ce6296349515d2.js"],"component---src-pages-contact-js":["/component---src-pages-contact-js-8b3c421f8a62ff64970d.js"],"component---src-pages-experienceqs-js":["/component---src-pages-experienceqs-js-b87d3a04d0067f950023.js"],"component---src-pages-index-js":["/component---src-pages-index-js-009579f0576ba6185990.js"],"component---src-pages-learnqs-js":["/component---src-pages-learnqs-js-d6d0f3b7974ff3f5f05b.js"],"component---src-pages-news-js":["/component---src-pages-news-js-cac6a8441c2597733019.js"],"component---src-pages-post-js":["/component---src-pages-post-js-355503f2e331ad3ca387.js"],"component---src-pages-scapital-js":["/component---src-pages-scapital-js-e70f42daaee0f6536347.js"],"component---src-pages-speaking-js":["/component---src-pages-speaking-js-133e51b3233bb36be5f2.js"],"component---src-pages-test-js":["/component---src-pages-test-js-5c59c596b524c6eabb3d.js"],"component---src-pages-training-js":["/component---src-pages-training-js-8d3d2e790b48590080f8.js"],"component---src-pages-twelveprinciples-js":["/component---src-pages-twelveprinciples-js-39700d12db0310ccdcc3.js"],"component---src-pages-videos-js":["/component---src-pages-videos-js-e4a82f1d1988771b5e1c.js"],"component---src-pages-whatissq-js":["/component---src-pages-whatissq-js-1518b6acef54b797e999.js"],"component---src-templates-book-template-js":["/component---src-templates-book-template-js-1af81468e590f2ef3883.js"]}