{"data":{"videos":{"edges":[{"node":{"videoURL":"https://content.jwplatform.com/videos/UFV5fqGO-i2EnZnVO.mp4","snippet":{"description":"","thumbnail":"https://content.jwplatform.com/thumbs/UFV5fqGO-640.jpg","title":"The Guru & The CPO 1st Talk"}}},{"node":{"videoURL":"https://content.jwplatform.com/videos/x6pIY2Uw-wYJkA0tl.mp4","snippet":{"description":"","thumbnail":"https://content.jwplatform.com/thumbs/x6pIY2Uw-1920.jpg","title":"Danah Highlight Video Final Cut"}}},{"node":{"videoURL":"https://content.jwplatform.com/videos/4ybpITRW-gv21LUEr.mp4","snippet":{"description":"","thumbnail":"https://content.jwplatform.com/thumbs/4ybpITRW-640.jpg","title":"Danah Zohar SQ And Quantum Leadership Training Programme"}}},{"node":{"videoURL":"https://content.jwplatform.com/videos/oeK5MLvH-wYJkA0tl.mp4","snippet":{"description":"","thumbnail":"https://content.jwplatform.com/thumbs/oeK5MLvH-1920.jpg","title":"Day 1 Danah"}}},{"node":{"videoURL":"https://content.jwplatform.com/videos/7XoLWhEt-wYJkA0tl.mp4","snippet":{"description":"","thumbnail":"https://content.jwplatform.com/thumbs/7XoLWhEt-1920.jpg","title":"Day 2 Danah Panel"}}},{"node":{"videoURL":"https://content.jwplatform.com/videos/WGjTdjEH-wYJkA0tl.mp4","snippet":{"description":"","thumbnail":"https://content.jwplatform.com/thumbs/WGjTdjEH-1920.jpg","title":"Day 3 Danah"}}},{"node":{"videoURL":"https://content.jwplatform.com/videos/xF2EposH-wYJkA0tl.mp4","snippet":{"description":"","thumbnail":"https://content.jwplatform.com/thumbs/xF2EposH-1920.jpg","title":"L1 Entering The Quantum Age"}}},{"node":{"videoURL":"https://content.jwplatform.com/videos/KUIgnSls-wYJkA0tl.mp4","snippet":{"description":"","thumbnail":"https://content.jwplatform.com/thumbs/KUIgnSls-1920.jpg","title":"L2 Pqt 1 Relationship"}}},{"node":{"videoURL":"https://content.jwplatform.com/videos/XcqR7EhC-wYJkA0tl.mp4","snippet":{"description":"","thumbnail":"https://content.jwplatform.com/thumbs/XcqR7EhC-1920.jpg","title":"L2 Pqt 2 Potentiality And The Quantum Vacuum"}}},{"node":{"videoURL":"https://content.jwplatform.com/videos/kGjdQF6w-wYJkA0tl.mp4","snippet":{"description":"","thumbnail":"https://content.jwplatform.com/thumbs/kGjdQF6w-1920.jpg","title":"L2 Pqt 3 Heisenberg's Uncertainty Principle"}}},{"node":{"videoURL":"https://content.jwplatform.com/videos/NRRwrozT-wYJkA0tl.mp4","snippet":{"description":"","thumbnail":"https://content.jwplatform.com/thumbs/XcqR7EhC-1920.jpg","title":"L2 Pqt 4 Thriving On Chaos"}}},{"node":{"videoURL":"https://content.jwplatform.com/videos/I965kGXb-AFvvX0zL.mp4","snippet":{"description":"","thumbnail":"https://content.jwplatform.com/thumbs/I965kGXb-1920.jpg","title":"L3 The Quantum Self"}}},{"node":{"videoURL":"https://content.jwplatform.com/videos/1qWeDliZ-AFvvX0zL.mp4","snippet":{"description":"","thumbnail":"https://content.jwplatform.com/thumbs/1qWeDliZ-1920.jpg","title":"L4 The Quantum Organization"}}},{"node":{"videoURL":"https://content.jwplatform.com/videos/ZPn5v0mz-AFvvX0zL.mp4","snippet":{"description":"","thumbnail":"https://content.jwplatform.com/thumbs/ZPn5v0mz-1920.jpg","title":"L5 The Quantum Leader"}}},{"node":{"videoURL":"https://content.jwplatform.com/videos/i0FJsZIc-AFvvX0zL.mp4","snippet":{"description":"","thumbnail":"https://content.jwplatform.com/thumbs/i0FJsZIc-1920.jpg","title":"L6 Three Kinds Of Thinking"}}},{"node":{"videoURL":"https://content.jwplatform.com/videos/mTtd0Rca-AFvvX0zL.mp4","snippet":{"description":"","thumbnail":"https://content.jwplatform.com/thumbs/mTtd0Rca-1920.jpg","title":"L7 The 12 Principles Of Spiritual Intelligence"}}},{"node":{"videoURL":"https://content.jwplatform.com/videos/4QUBDXSp-AFvvX0zL.mp4","snippet":{"description":"","thumbnail":"https://content.jwplatform.com/thumbs/4QUBDXSp-1920.jpg","title":"L8 Scale Of Motivations"}}}]}}}