{"data":{"news":{"edges":[{"node":{"title":"Spiritual intelligence and business success","excerpt":"I remember making a speech in Malaysia in 1997, when I shared my view on spiritual intelligence. The audience members all rose up and said, 'Tell us more',\" Danah Zohar tells me. \"I was so excited that I called my late husband back in England right after the session and said, 'Ian, I know what our next book is going to be. It will be on Spiritual Intelligence.","link":"https://www.bangkokpost.com/business/456975/spiritual-intelligence-and-business-success","date":"January 15, 2015","source":"Bangkok Post"}},{"node":{"title":"Spirituality is not about lighting candles: Danah Zohar","excerpt":"Thought leader, author and philosopher Danah Zohar tells Sidhi Chadha that spirituality is much deeper than what's perceived. People are losing grip on their lives, which has resulted in sudden attention to the ages-old mysticism. Excerpts from an interview: Although the philosophy of spirituality is age old, why has it come to occupy our minds in a prominent way these days? Spirituality has become more popular of late because the older generation probably lost the grip of living life. Today, lifestyle has become stressful and people are looking for something that can fill the gap. It's a fight against materialism.","link":"https://www.indiatoday.in/conclave/interviews08/story/spirituality-is-not-about-lighting-candles-danah-zohar-840528-2008-03-15","date":"March 15, 2008","source":"India Today"}},{"node":{"title":"A quantum change","excerpt":"Indian companies would be better off modelling themselves on the principles of quantum physics, and for that you need quantum leaders, says a management guru\nThe two passions of Danah Zohar’s life are philosophy and physics, and the management guru has found a way to bring them together by showing companies — and executives — around the world how they can adopt\n— and adapt to — the principle of quantum physics to become better leaders and create better organisations. The UK-based bestselling author, who has been called one of the world’s top 100 “business minds” by\nFinancial Times, is currently in Mumbai conducting leadership sessions for corporates.","link":"https://punemirror.indiatimes.com/others/you/a-quantum-change/articleshow/65724966.cms","date":"September 8, 2018","source":"PuneMirror"}}]}}}